1,Wild,1,4-210-047-3040,Anthony_Wild3558@vetan.org,8,2/25/1991,623,698,4061334
2,Grant,3,4-572-684-3044,Ally_Grant9649@yahoo.com,1,12/18/1984,398,523,362471461
3,Needham,2,0-744-853-0080,Oliver_Needham4435@jiman.org,1,6/19/1965,185,697,731342701
4,Reid,2,7-775-780-4618,Eduardo_Reid3451@sveldo.biz,4,9/27/2009,541,379,205031016
5,Benfield,3,7-824-848-2862,Chelsea_Benfield1401@bungar.biz,1,4/9/1962,109,801,387584472
6,Rixon,1,6-050-016-5168,Stella_Rixon3672@deons.tech,4,5/8/1983,687,540,681542173
7,Ward,1,7-425-573-1680,Liliana_Ward7457@qater.org,4,5/28/1965,489,211,5004164
8,Cassidy,3,7-575-134-3686,Cecilia_Cassidy5856@bauros.biz,3,10/16/2013,439,734,584642644
9,Drew,3,4-150-304-4576,Manuel_Drew4937@ovock.tech,6,8/8/1988,129,273,458466687
10,Michael,2,7-165-013-1516,Julian_Michael5657@vetan.org,1,6/3/1982,488,306,433171721
11,Long,2,7-163-324-7223,Rosalee_Long7270@kideod.biz,1,2/16/1973,690,922,565550387
12,Quinn,2,7-671-637-0677,Bryon_Quinn9991@kideod.biz,4,7/13/1975,404,173,848765015
13,Osmond,2,2-351-661-4443,Johnny_Osmond137@twace.org,7,2/27/2003,251,151,83548676
14,Garner,3,8-221-488-8463,Susan_Garner46@sheye.org,7,8/24/1990,838,70,118366102
15,Dale,3,2-273-051-2681,Marla_Dale3288@naiker.biz,5,5/22/1950,713,877,206130724
16,Roth,1,6-436-608-3508,Michelle_Roth6470@bungar.biz,7,6/28/1995,644,185,370026713
17,Eagle,3,6-426-814-0552,Liam_Eagle4575@grannar.com,3,1/31/1963,713,815,124400730
18,Shields,1,8-538-522-3174,Meredith_Shields9736@bulaffy.com,6,10/4/1972,594,870,736702458
19,Tailor,1,0-145-035-5780,Carolyn_Tailor9807@liret.org,7,10/9/1976,648,698,573312052
20,Stevens,1,0-678-216-2605,Mark_Stevens9862@hourpy.biz,5,6/14/1993,813,862,572615168
21,Kelly,2,1-081-656-7086,Madison_Kelly5221@ovock.tech,2,4/27/1951,640,590,777716155
22,Talbot,1,8-675-165-7233,Michael_Talbot5462@hourpy.biz,4,10/9/1962,614,657,550843384
23,Leigh,2,7-531-567-5416,Logan_Leigh5469@sheye.org,3,3/2/1955,34,704,528776482
24,Cavanagh,3,1-646-831-4383,Chadwick_Cavanagh6472@elnee.tech,1,3/10/2007,574,350,487071881
25,Larkin,2,3-245-023-5080,Manuel_Larkin5329@liret.org,4,12/27/1985,104,194,653420471
26,Yates,1,1-600-831-7816,Ron_Yates8249@nanoff.biz,1,3/3/1954,573,242,837183102
27,Hudson,2,3-885-622-7541,Isabella_Hudson3169@atink.com,6,1/16/1974,24,637,247517840
28,Poulton,2,7-114-055-8117,Gabriel_Poulton9111@eirey.tech,5,6/7/1956,171,431,127764175
29,Preston,2,5-122-305-4121,Domenic_Preston4762@infotech44.tech,4,10/8/1965,649,40,5067550
30,Crawley,3,7-244-302-7427,Brooklyn_Crawley8084@sveldo.biz,3,3/28/1973,977,430,428164878
31,Hopkins,2,6-700-541-3421,Marvin_Hopkins7654@corti.com,1,8/29/1977,902,8,435163664
32,Shaw,1,6-167-358-1002,Bob_Shaw1138@liret.org,4,1/21/2019,466,543,725451327
33,Garcia,3,4-261-530-1774,Noah_Garcia6533@nanoff.biz,1,9/5/2001,524,805,233606310
34,Walker,1,4-614-835-3380,Rufus_Walker6840@fuliss.net,2,2/1/1990,657,99,682234606
35,Villiger,1,1-612-271-5503,Rocco_Villiger8289@acrit.org,2,8/9/2009,804,81,25530505
36,Hope,2,0-713-031-1151,Bernadette_Hope9487@bulaffy.com,3,1/28/2013,773,251,558053411
37,Clarkson,3,7-406-614-5524,Raquel_Clarkson5119@womeona.net,2,4/2/1967,491,352,886127642
38,Mcnally,2,1-565-228-3236,Amelia_Mcnally9714@bulaffy.com,5,12/24/2005,393,479,300786
39,Ashley,3,1-816-127-5665,Stephanie_Ashley5252@guentu.biz,5,9/3/1967,593,457,306285148
40,Stone,1,8-386-317-1135,Carla_Stone180@mafthy.com,8,3/16/1962,688,639,832864721
41,Smith,1,3-348-261-5535,Nick_Smith9687@irrepsy.com,4,2/27/2015,54,576,830306624
42,Ellis,3,1-214-305-4024,Alexander_Ellis7614@jiman.org,5,5/2/1964,108,616,468183633
43,Selby,1,1-408-332-3450,Samara_Selby8087@qater.org,5,6/23/1966,86,790,113733534
44,Cowan,3,8-105-270-1141,Morgan_Cowan1884@jiman.org,4,10/5/1952,816,866,106232276
45,Thomas,1,8-146-561-0640,Ema_Thomas7402@iatim.tech,7,10/28/1973,155,794,287346475
46,Egerton,3,8-625-040-0876,Manuel_Egerton3884@naiker.biz,1,9/27/2004,257,604,838785767
47,Vass,1,6-777-668-5167,Barney_Vass7540@liret.org,8,4/26/2007,99,147,131023002
48,Tobin,1,3-038-752-8056,Sofia_Tobin9241@twipet.com,1,3/1/1990,929,549,816071884
49,James,2,8-126-713-0150,Adelaide_James718@hourpy.biz,2,12/20/1956,907,505,321702017
50,Vaughan,1,8-232-714-4705,Gemma_Vaughan595@joiniaa.com,3,3/9/1981,53,282,514578487
51,Skinner,1,8-541-401-4611,Martha_Skinner6847@supunk.biz,4,4/4/2013,741,295,584865227
52,York,1,2-583-561-2384,Cherish_York1528@ovock.tech,6,6/2/1957,760,100,406281887
53,Potter,2,2-713-304-3418,Marina_Potter6183@corti.com,3,9/30/2007,822,379,500881550
54,Weasley,1,6-366-645-1581,Carl_Weasley2242@twipet.com,8,2/27/1979,862,464,325431470
55,Gordon,3,6-883-383-5674,Marigold_Gordon550@nickia.com,2,1/30/1961,523,137,647788175
56,Lee,2,4-186-550-7031,Alan_Lee7596@eirey.tech,4,11/18/1977,827,755,531216555
57,Waterhouse,1,4-876-157-8085,Cherish_Waterhouse1825@iatim.tech,4,5/1/1959,958,349,546326308
58,Hunt,2,3-613-614-7174,Abdul_Hunt4378@corti.com,4,12/26/1983,455,54,256762444
59,Chapman,3,4-325-345-5514,Aisha_Chapman6886@ubusive.com,2,1/24/1990,100,211,820438661
60,Thomas,1,1-251-772-0061,Dorothy_Thomas9317@sheye.org,7,10/2/1955,348,205,480287313
61,Mullins,2,6-800-623-3507,Thea_Mullins7868@mafthy.com,7,1/15/1966,596,481,873073342
62,Hunter,2,8-807-516-2848,Rocco_Hunter256@acrit.org,6,11/27/2007,123,167,281152774
63,Wilson,1,2-122-462-2645,Hannah_Wilson3600@ubusive.com,8,1/2/1984,889,645,55166237
64,Page,2,5-674-661-2806,Joy_Page1904@cispeto.com,5,7/1/1974,679,990,782760336
65,Morgan,2,5-266-138-6064,Ethan_Morgan3284@dionrab.com,5,1/30/1981,249,783,678401201
66,Rothwell,1,4-645-338-7243,Caleb_Rothwell9772@womeona.net,4,4/8/1988,512,152,256043840
67,Anderson,3,5-152-461-0320,Davina_Anderson8630@dionrab.com,6,2/1/1994,220,309,417071767
68,Fleming,3,7-883-812-4077,Erick_Fleming1240@iatim.tech,5,9/2/1986,315,861,221414527
69,Cowan,3,7-586-307-6531,Jacob_Cowan6333@brety.org,8,4/25/2003,168,919,880722444
70,Devonport,3,4-318-301-3537,Peter_Devonport3021@bungar.biz,2,2/17/1958,360,177,48356186
71,Simpson,1,2-362-214-7045,Peyton_Simpson9148@gembat.biz,3,11/4/1997,790,249,770383222
72,Collis,3,0-078-385-4782,Chuck_Collis4890@eirey.tech,1,11/24/2015,89,777,244247370
73,Casey,3,8-315-433-3100,Luke_Casey9694@sheye.org,6,9/20/1957,57,270,85503316
74,Michael,2,5-355-108-7432,Harvey_Michael3087@deons.tech,4,10/20/1963,976,241,740111206
75,Michael,2,4-154-122-7354,Julius_Michael8842@vetan.org,8,9/5/2020,900,119,361356174
76,Harris,3,4-044-457-6046,Natalie_Harris3242@deavo.com,8,12/12/1959,414,371,728763532
77,Stewart,1,0-777-154-2828,Chris_Stewart5252@mafthy.com,5,5/23/1954,808,400,526603617
78,Purvis,2,5-426-065-1781,Ryan_Purvis5514@typill.biz,6,6/29/1978,877,860,64433231
79,Rodgers,1,0-117-375-8222,Dani_Rodgers3209@deavo.com,6,8/11/1980,908,256,255015452
80,Simpson,1,4-848-553-1603,Fred_Simpson3692@vetan.org,8,8/15/1960,85,907,803774183
81,Lee,2,0-028-105-0114,Carina_Lee4350@nickia.com,1,9/2/1970,115,208,718826160
82,Simmons,1,8-511-347-5830,Percy_Simmons7293@atink.com,5,5/18/1984,148,449,244354287
83,Harris,3,0-678-766-2722,Joseph_Harris111@nanoff.biz,3,11/1/1959,475,33,547824313
84,Andrews,3,4-043-423-1273,Elise_Andrews6233@liret.org,2,11/26/2000,959,287,528170475
85,Savage,1,0-853-784-6478,Nicholas_Savage5944@gmail.com,1,2/9/1964,338,236,143072630
86,Truscott,1,5-878-862-6607,Angelina_Truscott7238@corti.com,1,6/2/1974,490,343,672526521
87,Allcott,3,5-840-760-2833,Hayden_Allcott3935@sheye.org,1,4/12/1981,165,713,348367822
88,Atkinson,3,5-126-356-8034,Beatrice_Atkinson2634@hourpy.biz,4,6/23/1990,444,929,347637818
89,Wise,1,4-671-366-8118,Ramon_Wise111@nimogy.biz,8,8/23/1979,348,578,410871387
90,Mills,2,8-540-252-5355,Tyson_Mills2936@acrit.org,5,3/4/1998,577,978,884102528
91,Turner,1,3-626-333-6563,Julius_Turner9313@infotech44.tech,2,4/14/1957,44,417,14262408
92,Middleton,2,8-300-467-3724,Sebastian_Middleton2588@nimogy.biz,7,8/22/1954,226,647,711865875
93,Knight,2,1-687-508-5387,Matthew_Knight6798@vetan.org,7,6/25/1964,748,923,588284636
94,Morrow,2,2-653-537-1433,Fred_Morrow9001@deons.tech,5,10/2/2017,750,314,756285562
95,Forth,3,7-187-403-6326,Lucy_Forth3890@nickia.com,5,8/29/1987,55,925,375804422
96,Dobson,3,0-712-151-1550,Violet_Dobson5465@grannar.com,3,5/24/1968,336,767,845184517
97,Mitchell,2,6-558-108-4287,Melanie_Mitchell3958@bauros.biz,1,4/12/2020,247,27,281823258
98,Nash,2,1-318-023-3060,Hank_Nash628@mafthy.com,4,5/9/1962,405,335,468274447
99,Smith,1,0-444-862-8637,Tess_Smith1193@mafthy.com,1,7/18/1985,784,418,351642607
100,Greenwood,3,2-247-078-3773,Noah_Greenwood1858@extex.org,8,4/21/1998,69,846,417013151
101,Patel,2,3-846-662-0641,Percy_Patel1430@naiker.biz,5,9/14/1961,479,0,176263244
102,Middleton,2,0-505-024-4471,Javier_Middleton5767@typill.biz,2,2/15/1957,388,71,673245037
103,Williams,1,6-155-526-0736,Noah_Williams1509@cispeto.com,2,7/26/2014,84,939,421615285
104,Robertson,1,2-753-407-3336,Lillian_Robertson3987@extex.org,2,8/14/1960,919,831,886475101
105,Todd,1,8-071-617-1143,Bryon_Todd8620@famism.biz,5,4/19/2012,220,839,50165417
106,Blackburn,3,1-685-166-7164,Marvin_Blackburn2883@atink.com,7,12/18/1971,21,509,518167068
107,Dillon,3,7-065-078-2558,Jacob_Dillon4614@womeona.net,3,6/10/2002,334,787,17638724
108,Whinter,1,0-711-852-3588,Harvey_Whinter1484@ovock.tech,4,9/8/1965,67,99,353070584
109,Forth,3,3-571-083-7307,George_Forth3410@bulaffy.com,1,2/7/1963,360,863,332032367
110,Scott,1,4-114-243-3312,Alison_Scott7568@dionrab.com,6,5/13/2009,974,910,711085350
111,Upton,1,5-661-847-8871,Harry_Upton6735@twipet.com,2,5/5/1985,631,414,626347653
112,Vane,1,8-561-718-5481,Matthew_Vane195@corti.com,2,12/20/2008,411,78,838031035
113,Mackenzie,2,7-526-072-3866,Benjamin_Mackenzie3370@grannar.com,7,6/7/1997,963,674,852042268
114,Giles,3,3-004-644-1712,Emery_Giles1657@bretoux.com,2,3/19/2013,775,659,877135430
115,Townend,1,3-821-164-3758,Ruby_Townend6087@nimogy.biz,7,8/10/2013,681,34,483818865
116,Carpenter,3,7-636-744-8777,Johnny_Carpenter8085@zorer.org,1,6/22/2001,737,214,613064416
117,Rogan,1,8-068-580-0268,Gladys_Rogan8052@nimogy.biz,6,10/27/1976,218,590,67108425
118,Shaw,1,5-042-752-7603,Chuck_Shaw5272@sheye.org,1,1/28/1953,168,128,216081815
119,Ballard,3,1-724-084-0684,Julius_Ballard5796@bauros.biz,7,7/15/2015,954,969,568508823
120,Kennedy,2,6-723-401-5452,Hank_Kennedy652@liret.org,2,5/3/1959,243,320,677141350
121,Callan,3,5-444-811-5783,Chadwick_Callan8768@sheye.org,1,11/8/1983,822,954,458775406
122,Wright,1,5-648-431-6623,Rosalee_Wright7329@bungar.biz,1,5/19/1956,460,101,233547707
123,Robinson,1,5-661-106-0780,Jack_Robinson3500@elnee.tech,6,4/22/1968,164,83,30247767
124,Long,2,8-462-500-0154,Victoria_Long7460@ubusive.com,6,4/20/1954,25,100,16724126
125,Rothwell,1,4-183-320-6153,Tom_Rothwell328@sheye.org,8,3/6/2011,745,133,576208824
126,Coates,3,8-043-811-5857,Lucas_Coates3656@gmail.com,7,4/9/1990,421,844,301736522
127,Sheldon,1,5-877-372-0318,Celina_Sheldon5522@nickia.com,3,6/12/2010,455,846,55663522
128,Reading,2,3-571-385-5638,Regina_Reading9726@iatim.tech,3,5/12/1971,400,695,577714162
129,Cobb,3,4-705-888-8712,Marie_Cobb6803@guentu.biz,5,4/29/1967,771,27,565114718
130,Jarrett,2,1-310-071-0676,Nicholas_Jarrett7287@atink.com,6,2/18/2005,713,448,127751383
131,Hill,3,3-757-516-5246,Dani_Hill641@irrepsy.com,6,8/7/1957,34,586,736051424
132,Poulton,2,8-744-182-0617,Josh_Poulton872@famism.biz,6,11/5/2010,67,41,237323883
133,Brock,3,4-200-864-2180,Chad_Brock701@sveldo.biz,4,2/10/1951,536,308,554733340
134,Cork,3,4-553-787-7344,Logan_Cork7404@nimogy.biz,1,3/7/1971,732,427,328441402
135,Dempsey,3,4-555-267-4524,Angelina_Dempsey6013@ubusive.com,1,1/22/2004,465,697,604365820
136,Salt,1,1-516-206-7666,Chester_Salt9734@muall.tech,3,8/7/1963,424,37,207148248
137,Brooks,3,2-550-653-0138,Celia_Brooks9195@tonsy.org,8,2/5/1986,97,365,836852618
138,Sheldon,1,7-266-840-2358,Harvey_Sheldon805@acrit.org,3,7/8/1981,790,869,868145382
139,Collis,3,6-258-662-5654,Miriam_Collis259@dionrab.com,4,2/27/2020,418,714,81804256
140,Myatt,2,6-804-456-8471,Wade_Myatt7770@extex.org,1,3/1/1959,32,999,630384241
141,Lloyd,2,8-167-155-7766,Luke_Lloyd5101@womeona.net,3,6/24/2008,403,536,678547646
142,Moore,2,6-425-813-4875,Hayden_Moore7611@corti.com,4,1/24/1968,965,405,256610286
143,Emerson,3,0-330-054-2787,Aiden_Emerson9103@ubusive.com,5,12/2/1964,818,444,134011754
144,Riley,1,5-172-454-3310,Lana_Riley3612@gembat.biz,8,12/6/1999,201,174,767013368
145,Mccall,2,3-840-484-0247,Harry_Mccall9271@irrepsy.com,7,11/30/1962,802,172,603876283
146,Whitehouse,1,7-868-284-8145,Joseph_Whitehouse7796@cispeto.com,7,9/29/1980,210,16,742784003
147,Uttridge,1,6-111-022-5111,Christine_Uttridge4980@elnee.tech,4,9/21/1959,9,376,5347632
148,Neville,2,2-524-136-2326,Scarlett_Neville1727@irrepsy.com,2,11/7/1981,996,718,108137456
149,Donnelly,3,6-706-101-3342,Bart_Donnelly9543@gembat.biz,2,6/15/1952,463,875,531853266
150,Reese,2,0-363-705-1325,Angela_Reese9664@nanoff.biz,1,3/10/1967,906,267,360528277
151,Goldsmith,3,6-283-678-3421,Danny_Goldsmith8252@extex.org,7,12/7/1995,780,12,352822351
152,Owen,2,2-260-557-0145,Ramon_Owen1689@gembat.biz,7,2/25/1986,988,348,800802226
153,Newton,2,3-158-662-0352,Cristal_Newton1101@jiman.org,6,12/26/1968,422,332,216325763
154,Brennan,3,5-365-071-2721,Tony_Brennan5080@muall.tech,2,3/28/1977,338,378,383276133
155,Lloyd,2,6-384-743-1726,Brooklyn_Lloyd4879@supunk.biz,5,3/26/1975,515,223,824460382
156,Ingram,2,7-517-378-5646,Bristol_Ingram986@kideod.biz,5,4/6/1953,735,609,718325456
157,Wellington,1,3-718-761-5762,Gladys_Wellington7745@bretoux.com,5,4/18/2006,998,570,45420168
158,Rixon,1,4-530-457-6586,John_Rixon9331@deavo.com,7,4/7/1967,152,769,106880363
159,Simpson,1,3-568-066-0416,Sara_Simpson3468@iatim.tech,3,10/12/1981,181,840,286857586
160,Watson,1,8-305-715-4747,Johnathan_Watson2213@jiman.org,7,2/7/1979,968,139,408026763
161,Nanton,2,7-510-777-5634,Ronald_Nanton7915@gompie.com,7,10/24/1972,318,528,554385076
162,Gilbert,3,7-557-544-7685,Gina_Gilbert4766@nimogy.biz,1,2/23/2000,574,571,158364218
163,Rosenbloom,1,7-164-876-6416,Chris_Rosenbloom8466@sheye.org,5,12/26/1968,888,39,808477003
164,Seymour,1,1-352-718-8363,Aisha_Seymour6090@liret.org,7,5/26/1984,337,88,353652784
165,Murphy,2,1-205-738-7280,Matt_Murphy6621@typill.biz,8,11/6/2016,548,342,302063264
166,Greenwood,3,1-023-686-3653,Mabel_Greenwood4568@atink.com,3,12/4/1986,246,13,110621474
167,Rowlands,1,6-212-203-4515,Mona_Rowlands3861@nickia.com,7,8/23/2018,753,438,667023236
168,Graves,3,0-164-851-8400,Nathan_Graves1337@iatim.tech,4,6/3/1985,389,533,735127415
169,Bullock,3,6-862-417-8012,Isabel_Bullock879@kideod.biz,4,6/5/1990,470,594,557080756
170,Thatcher,1,5-234-152-2807,Matt_Thatcher5905@gmail.com,4,3/9/1953,315,791,283214366
171,Waterson,1,1-321-743-6676,Abdul_Waterson5368@kideod.biz,6,4/29/2010,346,675,18821121
172,Robertson,1,3-735-765-2767,Marvin_Robertson6410@bauros.biz,1,10/26/1979,512,516,323886044
173,Gray,3,6-841-258-0134,Mike_Gray2532@ubusive.com,7,6/21/1973,126,903,536147327
174,Daniells,3,3-401-546-8526,Tyson_Daniells2546@cispeto.com,4,1/13/2014,799,6,154411474
175,Whitmore,1,4-030-364-5453,Vanessa_Whitmore6301@atink.com,7,11/16/1990,960,786,530567382
176,Oldfield,2,0-817-507-4331,Benny_Oldfield1418@nimogy.biz,7,10/23/1989,508,585,864605652
177,Farrow,3,1-163-063-3481,Joseph_Farrow4478@brety.org,3,4/3/1979,348,517,272045755
178,Furnell,3,3-511-628-3710,Winnie_Furnell3617@vetan.org,8,2/21/1984,763,491,154474558
179,Pratt,2,1-287-071-2323,Joseph_Pratt7457@eirey.tech,8,9/13/1992,735,702,341646528
180,Hilton,3,5-174-015-0263,Javier_Hilton2494@nanoff.biz,8,5/17/2008,835,471,672377412
181,Hammond,3,3-631-581-1278,Gil_Hammond3782@dionrab.com,1,1/26/1987,138,595,180643841
182,Clayton,3,3-550-081-7233,Liliana_Clayton4486@eirey.tech,7,1/3/2000,583,319,838087621
183,Furnell,3,8-438-475-1567,Sebastian_Furnell2349@iatim.tech,2,10/29/2007,629,596,76434327
184,Oakley,2,6-428-250-7473,Sloane_Oakley9664@bretoux.com,3,1/22/1973,810,408,807816515
185,Hepburn,3,8-711-313-3520,Andie_Hepburn3416@bungar.biz,5,2/13/1988,47,883,752408842
186,Clarke,3,1-717-458-1451,Susan_Clarke6328@brety.org,3,9/8/1990,906,787,750646218
187,Edwards,3,3-700-137-3038,Dorothy_Edwards674@extex.org,1,5/9/1960,993,33,745440208
188,Vass,1,6-578-268-5575,Ronald_Vass2426@dionrab.com,7,7/15/1969,945,73,22854302
189,Jobson,2,0-231-422-4005,Sadie_Jobson4441@qater.org,4,2/18/2001,377,192,804210874
190,Summers,1,3-466-606-6171,Aurelia_Summers6045@gembat.biz,5,12/23/1983,942,462,433000784
191,Harris,3,8-876-655-5026,Chester_Harris5426@womeona.net,3,11/8/2016,478,242,665576043
192,Yarlett,1,0-264-012-6445,Tania_Yarlett6996@deavo.com,7,10/4/1968,436,59,608803507
193,Ross,1,7-137-708-3781,Rebecca_Ross9157@cispeto.com,7,6/1/1966,563,165,430307147
194,Lee,2,7-424-387-1513,Gil_Lee7756@extex.org,4,1/28/1960,634,603,400485703
195,Dobson,3,3-673-785-7880,Noah_Dobson7772@bauros.biz,1,7/30/1969,6,64,74785314
196,Denton,3,5-544-804-0471,Courtney_Denton6397@corti.com,5,8/10/2009,199,791,385115313
197,Ralph,2,8-443-621-0548,Denny_Ralph2241@sveldo.biz,6,8/10/1993,885,968,864072432
198,Murray,2,3-335-580-8711,Kate_Murray6263@gembat.biz,6,1/26/2017,609,575,27341322
199,Ashwell,3,1-202-224-3104,Mabel_Ashwell9861@bauros.biz,8,6/22/1968,540,282,453845517
200,Morgan,2,7-804-105-4317,Jaylene_Morgan9717@dionrab.com,8,8/16/2018,135,416,558867663
201,Olson,2,7-432-437-3778,Jayden_Olson1112@nickia.com,6,4/29/1964,845,335,178015133
202,Penn,2,0-413-520-8526,Susan_Penn1423@extex.org,3,7/18/1978,336,346,287677877
203,Neal,2,1-412-103-4337,Wade_Neal8668@bauros.biz,5,7/9/1951,793,527,163401552
204,Patel,2,8-153-658-5704,Jazmin_Patel405@grannar.com,7,12/6/1961,97,529,535516322
205,Steer,1,2-372-274-4458,Iris_Steer4823@supunk.biz,6,6/5/1968,13,854,188368133
206,Gibson,3,8-050-581-2314,Ryan_Gibson5974@cispeto.com,4,5/8/1996,299,789,11730014
207,Shepherd,1,4-877-205-6017,Maddison_Shepherd3492@typill.biz,4,4/16/2002,321,313,161474717
208,Strong,1,5-078-732-7814,Sydney_Strong3121@brety.org,7,11/19/2001,629,94,685176525
209,Rosenbloom,1,4-107-472-2700,Janelle_Rosenbloom7058@extex.org,6,4/7/2005,445,1,882145475
210,Egerton,3,0-814-076-6553,Stephanie_Egerton540@zorer.org,1,10/23/2009,625,559,427464440
211,Emmott,3,7-432-830-3583,Ronald_Emmott317@dionrab.com,4,9/5/1994,865,774,713706766
212,Wheeler,1,8-336-620-4434,Luna_Wheeler7706@typill.biz,7,4/27/1954,525,568,225230313
213,Hopkins,2,4-328-450-1115,Isabella_Hopkins2354@bretoux.com,4,8/6/1978,891,6,287003401
214,Woods,1,4-754-555-3068,Deborah_Woods1646@twipet.com,7,9/5/1964,998,130,641607286
215,Eastwood,3,3-022-727-4125,Jenna_Eastwood4324@ovock.tech,1,12/16/2003,240,195,103624581
216,Rose,1,2-232-615-5471,Boris_Rose5094@liret.org,2,2/11/1967,882,235,573122021
217,Tobin,1,4-601-742-5626,Peter_Tobin9078@deons.tech,2,11/29/2008,820,304,222021386
218,Wilton,1,1-864-848-4038,Ryan_Wilton6862@gembat.biz,6,10/21/2007,969,624,524547872
219,Kent,2,0-844-307-8224,Barry_Kent7338@gembat.biz,6,2/7/1985,932,662,505520327
220,Chester,3,6-606-783-2037,Danny_Chester5251@brety.org,3,7/1/1983,425,29,336611551
221,Sawyer,1,6-227-312-6713,Bob_Sawyer5239@bretoux.com,5,8/13/1993,973,688,654185735
222,Edwards,3,8-213-780-0123,Alexander_Edwards5407@tonsy.org,6,4/2/1997,4,608,418231411
223,Campbell,3,5-604-303-2748,Abbey_Campbell2698@elnee.tech,1,9/3/1969,211,770,66676863
224,Stewart,1,2-234-231-6303,Carmen_Stewart8194@acrit.org,4,7/29/2004,58,743,846866336
225,Potts,2,8-278-580-8388,Harriet_Potts6169@cispeto.com,6,9/4/1998,563,282,714546547
226,Parker,2,4-202-884-7858,Holly_Parker3135@typill.biz,4,11/4/1987,430,180,785685644
227,Wooldridge,1,6-612-650-6016,Caleb_Wooldridge3735@yahoo.com,3,2/17/2004,798,612,173753544
228,Funnell,3,1-486-572-7378,Russel_Funnell8215@twace.org,8,11/18/2014,504,350,38732242
229,Lane,2,5-152-454-7437,Caydence_Lane8754@iatim.tech,4,12/19/1967,28,92,37061205
230,Marshall,2,7-258-054-0683,Bernadette_Marshall3879@guentu.biz,3,2/12/1990,842,84,880288235
231,Selby,1,0-001-774-7311,Danny_Selby145@kideod.biz,7,7/31/2001,297,60,732144616
232,Thorne,1,3-865-441-3038,Angelique_Thorne1588@sveldo.biz,6,6/3/1954,400,851,373178022
233,Addley,3,5-655-533-7242,Harvey_Addley4241@vetan.org,3,12/7/2015,845,251,24043563
234,Sylvester,1,6-336-371-7345,Alessandra_Sylvester4201@eirey.tech,2,1/27/2018,640,481,865711640
235,Wilson,1,1-265-527-2204,Macy_Wilson8341@typill.biz,3,4/3/1999,376,606,643528001
236,Chadwick,3,2-563-101-4853,Aisha_Chadwick5610@extex.org,5,12/4/1990,858,31,416150863
237,Moore,2,6-730-276-2347,Andrea_Moore4468@dionrab.com,1,7/28/2002,486,203,71536556
238,Norton,2,8-585-240-6453,Darlene_Norton1023@iatim.tech,1,6/6/1980,477,82,727284206
239,Olivier,2,5-775-653-3411,Javier_Olivier1267@womeona.net,7,1/15/2015,641,455,804180122
240,Rogers,1,5-237-608-2257,Violet_Rogers6487@deavo.com,2,11/19/1978,745,155,352541281
241,Slater,1,3-082-712-0711,Renee_Slater7053@deavo.com,3,3/15/1951,886,810,682027033
242,Craig,3,3-775-570-2738,Adeline_Craig2013@tonsy.org,3,1/24/2013,517,931,555441601
243,Mitchell,2,7-124-378-0444,Jocelyn_Mitchell9633@liret.org,4,3/13/1953,609,712,868314402
244,Clarke,3,0-665-157-3587,Estrella_Clarke8273@twace.org,1,4/14/1975,250,650,874283876
245,Butler,3,6-473-554-2460,Roger_Butler2932@twipet.com,3,2/17/1994,923,869,567376312
246,Dubois,3,5-655-552-2363,Chadwick_Dubois9680@deons.tech,5,4/28/2004,311,388,388702120
247,Quinton,2,1-276-084-2287,Ronald_Quinton8604@bauros.biz,1,9/15/1959,643,81,876157008
248,Sloan,1,5-417-675-8552,Candice_Sloan7986@jiman.org,7,9/28/2007,728,299,62850254
249,Rixon,1,4-853-814-7200,Emmanuelle_Rixon422@corti.com,1,3/10/1954,306,17,485438105
250,Drake,3,7-084-806-7247,Maria_Drake537@sveldo.biz,7,7/20/1991,624,111,562133055
251,Raven,2,0-351-224-1701,Tony_Raven4329@hourpy.biz,5,11/24/2000,122,782,252601856
252,Kerr,2,7-353-726-3351,Johnathan_Kerr5250@gmail.com,8,8/31/1992,233,24,360620345
253,Kent,2,7-803-048-4663,Juliet_Kent6889@iatim.tech,5,11/17/1970,207,289,781345131
254,Nayler,2,7-087-862-2536,Martha_Nayler1643@grannar.com,7,5/21/1979,895,52,207527836
255,Sherry,1,7-025-302-4524,Aeris_Sherry2672@gembat.biz,3,9/1/1976,494,262,574224003
256,Groves,3,4-862-585-7853,Chester_Groves6859@bauros.biz,8,3/25/1985,726,907,748571645
257,Jennson,2,2-124-325-8782,Matthew_Jennson4286@ubusive.com,4,4/16/1965,726,442,305624336
258,Middleton,2,4-514-678-2288,Anthony_Middleton497@infotech44.tech,6,2/2/1972,556,954,377024541
259,Haines,3,2-357-104-2226,Henry_Haines5749@typill.biz,6,12/14/1950,155,397,202847383
260,Gray,3,4-614-763-5582,Bob_Gray52@vetan.org,7,2/4/2000,236,705,775810324
261,Clarke,3,1-276-825-6850,Sabrina_Clarke9991@acrit.org,1,10/30/1991,680,928,148035325
262,Camden,3,5-068-251-5075,Jolene_Camden6493@gembat.biz,1,4/18/1984,593,989,484251711
263,Mackenzie,2,2-728-322-8866,Sebastian_Mackenzie1418@infotech44.tech,2,4/8/2011,170,657,544675751
264,Wilson,1,3-306-623-7001,Megan_Wilson3928@yahoo.com,7,10/6/2017,520,563,702875327
265,Verdon,1,4-447-270-6720,Manuel_Verdon2736@extex.org,1,12/31/1976,85,630,660634787
266,Keys,2,6-701-525-8661,Carmen_Keys4991@bungar.biz,4,5/6/1973,575,863,756763782
267,Thomson,1,0-032-212-2100,Maxwell_Thomson9109@deavo.com,8,4/30/1958,218,287,105772547
268,Addley,3,2-750-263-2861,Lorraine_Addley1050@atink.com,3,7/4/2015,13,764,841226221
269,Coates,3,4-247-572-8711,Brooklyn_Coates8111@bulaffy.com,6,12/9/1972,412,122,767006844
270,Morrow,2,0-771-031-6380,Stella_Morrow4628@gompie.com,8,2/4/1963,603,828,605276177
271,Pearce,2,2-347-046-2133,Percy_Pearce1636@corti.com,4,8/31/2015,318,593,152040778
272,White,1,5-532-135-6205,Rick_White5669@cispeto.com,4,10/25/1995,117,27,246824825
273,Williams,1,5-114-313-2414,Johnathan_Williams7988@vetan.org,8,7/15/1954,266,612,434055340
274,Nash,2,7-811-283-0852,Chris_Nash1513@deons.tech,3,2/5/2009,437,797,544505050
275,Spencer,1,7-563-662-7516,Chuck_Spencer1387@gembat.biz,8,5/27/1960,725,111,772836178
276,Wheeler,1,0-521-241-1705,Julian_Wheeler5471@twace.org,1,8/16/1969,715,954,811520376
277,Vallins,1,2-557-828-4508,Daron_Vallins2425@bauros.biz,4,5/18/1993,397,726,876572262
278,Burge,3,7-576-048-3586,Amelia_Burge7200@bungar.biz,5,6/18/2006,205,378,687774884
279,Ingram,2,1-543-714-7077,Leanne_Ingram6944@nanoff.biz,7,11/30/1973,508,905,75640031
280,Ashley,3,8-480-777-0413,Angelique_Ashley8020@brety.org,5,11/18/1992,81,729,135603266
281,Watson,1,0-285-665-0171,Monica_Watson2541@joiniaa.com,4,4/29/1969,590,440,143617138
282,Walter,1,4-143-746-3748,Mackenzie_Walter4142@naiker.biz,2,10/2/2015,728,242,576210852
283,Myatt,2,0-375-748-3311,Ryan_Myatt5888@deons.tech,3,3/20/1954,495,243,684276343
284,Potter,2,3-762-030-6738,Rufus_Potter4688@tonsy.org,1,4/9/1965,170,61,285081131
285,Tobin,1,5-025-728-1857,Gabriel_Tobin1303@deavo.com,1,2/25/2011,851,336,106673652
286,Drake,3,1-325-213-3248,Chanelle_Drake3809@tonsy.org,3,6/3/2005,804,645,525403736
287,Jenkins,2,7-875-635-8808,Maggie_Jenkins4348@vetan.org,6,11/10/1981,353,631,4023285
288,Neal,2,3-430-422-7101,Kieth_Neal9683@vetan.org,8,3/25/1998,169,202,851568342
289,Ballard,3,5-305-546-2148,Evie_Ballard5889@bauros.biz,7,5/19/1961,741,340,600250874
290,Bloom,3,2-742-643-6370,Liam_Bloom3156@deavo.com,2,3/23/1972,763,404,242062330
291,Dowson,3,1-781-728-1601,Tyson_Dowson1600@joiniaa.com,2,12/11/1959,919,938,604280526
292,Simpson,1,6-558-181-1044,Oliver_Simpson1767@ubusive.com,1,12/18/2011,60,239,57646511
293,Wilcox,1,8-052-836-5611,Marilyn_Wilcox902@tonsy.org,6,6/19/1965,181,450,862846560
294,Bradley,3,0-727-457-6651,Jaylene_Bradley1761@vetan.org,1,11/5/1986,247,93,686730511
295,Pope,2,1-702-340-0507,Caleb_Pope1058@sveldo.biz,4,9/1/1965,381,855,486446045
296,Nielson,2,5-152-108-6408,Josh_Nielson2613@womeona.net,7,6/7/1965,593,676,115008774
297,Victor,1,2-825-353-2738,Darlene_Victor8214@deons.tech,8,2/5/2009,721,717,820468147
298,Grey,3,6-454-863-2582,Maya_Grey7534@acrit.org,8,5/1/2020,3,822,118075412
299,Stuart,1,7-307-538-4372,Chuck_Stuart6971@typill.biz,4,8/15/1960,676,723,52247671
300,Hall,3,7-705-281-6357,Elijah_Hall2753@zorer.org,6,10/27/1990,281,374,125406812
301,Pierce,2,3-517-837-3067,Eden_Pierce4068@twipet.com,5,5/1/2001,837,26,701083124
302,Lane,2,5-353-878-6010,Lorraine_Lane7014@grannar.com,2,6/26/1965,940,516,556187077
303,Barclay,3,2-775-613-5027,Enoch_Barclay6271@tonsy.org,6,8/29/1961,806,271,133223225
304,Leigh,2,3-030-047-3547,Henry_Leigh408@tonsy.org,4,3/28/1986,268,349,673847326
305,Howard,2,8-737-251-2522,Oliver_Howard9713@gompie.com,8,9/29/2001,787,422,503250207
306,Roscoe,1,1-078-641-2682,Sarah_Roscoe8860@dionrab.com,1,8/24/2020,673,498,177263132
307,Walsh,1,0-524-678-4572,Georgia_Walsh5447@joiniaa.com,4,9/13/2006,306,521,740440338
308,Rixon,1,7-643-331-6850,Jayden_Rixon379@muall.tech,1,4/9/2004,279,933,161224302
309,Wright,1,2-434-747-6513,Lucas_Wright6684@mafthy.com,5,5/11/1980,102,658,458544424
310,Malone,2,3-854-207-3630,Peyton_Malone441@cispeto.com,8,5/27/2014,749,467,560356578
311,Rycroft,1,8-155-281-3803,Stacy_Rycroft1717@yahoo.com,3,12/26/1969,532,569,77878267
312,James,2,4-400-657-5134,Grace_James6326@womeona.net,2,1/29/2014,872,600,378456332
313,Reyes,2,6-733-578-7811,Victoria_Reyes6866@bauros.biz,2,1/11/1973,595,285,63631800
314,Walter,1,4-760-751-7824,Domenic_Walter4978@guentu.biz,6,1/23/1979,750,665,462278861
315,Ashwell,3,4-583-878-7241,Carl_Ashwell2099@dionrab.com,6,1/19/1952,639,681,200432835
316,Malone,2,0-774-652-2385,Barry_Malone7850@twace.org,8,12/8/1985,170,409,275847661
317,Jackson,2,8-458-866-3662,Joseph_Jackson767@joiniaa.com,1,8/7/1984,725,284,454284630
318,Crawley,3,5-654-331-1363,Violet_Crawley1929@twipet.com,5,8/18/2000,614,359,546031732
319,Antcliff,3,0-684-702-1428,Courtney_Antcliff7049@twipet.com,1,10/6/2012,462,207,837384247
320,Wills,1,2-534-062-7748,Courtney_Wills1870@joiniaa.com,1,10/10/1997,946,889,808730264
321,Mccormick,2,2-334-835-8534,Grace_Mccormick1028@qater.org,5,8/16/2008,385,818,724203203
322,Stark,1,3-371-276-1078,Johnny_Stark5760@womeona.net,8,1/6/1992,932,45,78757655
323,Mcgee,2,6-822-876-7230,Daron_Mcgee2227@ovock.tech,5,11/24/1997,997,444,232020255
324,Gordon,3,0-375-625-4637,Molly_Gordon1647@vetan.org,3,8/1/1985,97,388,121454300
325,Utterson,1,3-536-611-7537,Denny_Utterson7353@muall.tech,3,12/4/1974,49,543,267626077
326,Stanton,1,8-311-300-5247,Hazel_Stanton8516@muall.tech,5,7/19/2009,929,754,300183083
327,Daniells,3,6-282-037-4327,Hayden_Daniells1675@twipet.com,6,1/19/1995,538,469,310268427
328,Bell,3,7-565-222-8823,Nathan_Bell7440@naiker.biz,6,5/13/2003,339,430,287412124
329,Seymour,1,3-834-133-1581,Rosie_Seymour4887@fuliss.net,1,4/26/1984,468,580,346085761
330,Niles,2,0-558-416-4184,Carissa_Niles8970@nanoff.biz,8,11/30/1953,525,208,437380605
331,Ryan,1,1-357-870-0481,Liliana_Ryan1480@fuliss.net,6,6/22/1976,259,73,876230675
332,Burge,3,5-850-768-8577,Monica_Burge4839@fuliss.net,4,8/15/1991,824,986,855821876
333,Todd,1,4-715-237-4020,Alice_Todd896@twipet.com,6,11/30/1978,56,392,821667713
334,Steer,1,1-234-881-4347,Blake_Steer9874@qater.org,5,10/27/1962,219,235,336458453
335,Notman,2,1-102-581-5685,Sabina_Notman7811@nickia.com,7,9/29/2013,775,277,48585673
336,Thorpe,1,1-433-315-5780,Fred_Thorpe512@kideod.biz,1,7/25/1996,944,259,208654162
337,Mcgee,2,1-046-178-7270,Jayden_Mcgee4712@gmail.com,5,1/1/1957,586,553,527175410
338,Hopkinson,2,1-077-112-5725,Renee_Hopkinson7076@acrit.org,8,2/21/1991,261,756,285687341
339,Olivier,2,8-170-742-4456,Stacy_Olivier5964@naiker.biz,5,7/6/2014,435,614,271204048
340,Niles,2,6-172-172-7134,Dani_Niles5933@dionrab.com,6,4/15/1952,337,56,371768102
341,Shields,1,2-858-651-3521,Mona_Shields7688@ubusive.com,4,10/16/2019,722,45,628873116
342,Farrant,3,8-451-234-7885,Daron_Farrant6493@muall.tech,2,7/10/2009,347,600,346852488
343,Murray,2,6-078-834-3540,Henry_Murray5819@zorer.org,6,6/13/2002,822,742,864831747
344,Wood,1,4-826-206-7425,Sasha_Wood6282@tonsy.org,2,2/3/2014,995,144,420705382
345,Oakley,2,3-633-633-1006,Percy_Oakley1726@twace.org,5,4/26/1975,382,27,856777784
346,Pitt,2,4-368-411-1428,Rihanna_Pitt9793@infotech44.tech,8,5/5/1969,212,275,460704132
347,Swift,1,7-138-852-4628,Benny_Swift9072@supunk.biz,6,7/6/1984,718,492,432424856
348,Middleton,2,5-258-425-3251,Jayden_Middleton1279@tonsy.org,6,8/18/1953,350,723,286044128
349,Bennett,3,2-258-410-2412,Emmanuelle_Bennett2042@zorer.org,2,6/5/2012,108,39,734130721
350,Wright,1,6-841-764-6335,Nathan_Wright2829@iatim.tech,5,7/22/1962,465,600,253534618
351,Dubois,3,7-503-346-2053,Johnny_Dubois5570@nanoff.biz,8,4/21/2009,860,394,458176732
352,Penn,2,8-046-058-7446,Angelica_Penn7042@typill.biz,3,3/13/2012,150,758,344722473
353,Whittle,1,7-103-663-0482,Sydney_Whittle7075@tonsy.org,5,11/12/1985,410,154,877241288
354,James,2,8-641-523-5025,Rylee_James1864@iatim.tech,6,8/16/2003,511,528,804271117
355,Bullock,3,2-143-002-8811,Lindsay_Bullock5629@iatim.tech,1,3/24/1954,82,826,648484804
356,Bennett,3,0-217-254-4346,Ronald_Bennett452@extex.org,1,2/11/1963,303,42,432041778
357,Allwood,3,6-083-015-2156,Leah_Allwood4678@cispeto.com,6,8/26/1986,739,765,866225170
358,Armstrong,3,7-853-674-4813,Denny_Armstrong6747@bulaffy.com,7,6/17/2002,767,592,634870450
359,Cartwright,3,7-305-854-1344,Celia_Cartwright804@bulaffy.com,1,4/13/1966,833,512,58001286
360,Matthews,2,2-427-442-1166,Ellen_Matthews3742@atink.com,1,12/24/2015,691,193,164212867
361,Williams,1,6-305-762-4175,Russel_Williams5356@atink.com,6,11/1/2017,636,91,287386612
362,Harrington,3,7-006-782-3838,Camden_Harrington7699@gmail.com,2,1/18/1976,678,279,406600681
363,Hood,2,7-062-112-8130,Julian_Hood6141@atink.com,2,12/20/1965,177,320,632020844
364,Walker,1,5-238-716-2566,William_Walker9282@muall.tech,1,3/29/1952,80,245,622864544
365,Preston,2,8-318-243-4260,Julius_Preston1703@eirey.tech,1,7/26/1998,204,417,486153705
366,Redwood,2,3-655-433-8785,Katelyn_Redwood8016@vetan.org,2,3/29/1995,2,643,641211547
367,Benson,3,5-872-230-0801,Adela_Benson7849@famism.biz,8,2/8/1959,517,772,184566248
368,Simpson,1,3-631-651-4210,Sebastian_Simpson2564@deavo.com,6,3/19/1981,64,570,820554165
369,Wellington,1,2-031-277-0662,Kieth_Wellington2234@iatim.tech,6,10/10/1958,411,611,143743301
370,Oliver,2,4-644-100-1462,Benjamin_Oliver6647@extex.org,2,1/1/1985,173,66,713240758
371,Bright,3,0-848-018-7566,Matt_Bright5128@twace.org,4,1/5/1971,7,87,400628163
372,Steer,1,1-036-734-6254,Phillip_Steer8291@famism.biz,7,6/28/1993,136,356,771577062
373,Rowe,1,4-005-777-7077,Doug_Rowe7515@gembat.biz,8,8/31/1958,492,194,156684313
374,Boden,3,3-107-000-6314,Erick_Boden6941@cispeto.com,8,8/27/2010,885,512,600877567
375,Collins,3,5-458-877-5776,Javier_Collins2002@bauros.biz,2,5/11/1963,491,358,306846707
376,Nurton,2,0-348-060-0071,Abdul_Nurton6239@womeona.net,6,7/9/1976,77,629,122826582
377,Eddison,3,3-251-063-8282,Jasmine_Eddison3163@gembat.biz,7,12/4/1961,519,682,818546552
378,Page,2,2-243-526-0682,Denny_Page5259@bungar.biz,7,10/11/1983,709,155,473460554
379,Wooldridge,1,1-215-147-7506,Isabella_Wooldridge7640@hourpy.biz,3,5/15/2003,675,550,738261783
380,Exton,3,2-134-526-6210,Carter_Exton7578@typill.biz,8,11/19/1995,702,604,133117331
381,Robinson,1,3-301-050-6076,Julian_Robinson6863@mafthy.com,2,7/4/1965,68,923,277580625
382,Ainsworth,3,1-317-070-8000,Leslie_Ainsworth3846@yahoo.com,6,5/31/1998,220,584,484333272
383,Knight,2,3-586-740-1015,Mark_Knight1048@hourpy.biz,8,7/13/2014,151,387,746044774
384,Mason,2,8-507-184-0503,Harriet_Mason5858@qater.org,8,9/11/1961,415,833,487550586
385,Thomas,1,6-577-018-4701,Sonya_Thomas8072@vetan.org,4,1/6/1963,284,744,380777603
386,Osman,2,4-657-007-8757,Rose_Osman9947@gembat.biz,4,12/7/1961,199,137,816716800
387,Hall,3,8-483-777-3571,Tiffany_Hall8716@famism.biz,1,5/31/1968,463,568,667623456
388,Harvey,3,8-137-554-8307,Judith_Harvey5558@muall.tech,4,6/22/1993,134,440,680658737
389,Gordon,3,3-080-768-4001,Sebastian_Gordon468@nimogy.biz,4,3/21/1998,479,903,131771783
390,Weston,1,6-157-053-3228,Jasmine_Weston136@bungar.biz,5,11/23/2012,122,71,46834776
391,Noach,2,3-658-532-6041,Aiden_Noach6729@infotech44.tech,4,8/30/1996,879,160,20245617
392,Hooper,2,7-201-270-6050,Hank_Hooper6954@naiker.biz,7,1/30/1980,275,76,463736057
393,Rainford,2,5-303-878-5823,Lillian_Rainford4267@hourpy.biz,5,4/3/1995,239,875,47006822
394,Harrison,3,7-802-175-0754,Anais_Harrison2453@qater.org,2,9/2/1973,568,758,822622473
395,Middleton,2,7-146-308-1088,Celia_Middleton5154@tonsy.org,7,12/30/2017,245,2,530638273
396,Swift,1,1-243-062-3721,Ruth_Swift679@corti.com,5,4/23/2003,767,695,564820888
397,Gordon,3,2-666-034-6566,Renee_Gordon9963@muall.tech,7,9/7/1988,574,93,72307574
398,Pond,2,5-710-386-8428,Alan_Pond8666@typill.biz,8,12/12/1960,619,901,42021615
399,Ballard,3,5-187-015-5213,Mina_Ballard7620@bauros.biz,1,5/23/1977,944,769,317322502
400,Robe,1,3-675-247-6447,Ronald_Robe7511@supunk.biz,2,4/1/2007,923,134,518612407
401,Savage,1,0-074-024-4327,William_Savage6866@twipet.com,4,8/3/1981,380,954,57128310
402,Edler,3,2-174-108-8048,Mason_Edler7901@qater.org,8,11/23/1980,224,293,334812703
403,Spencer,1,2-810-618-4582,Sasha_Spencer6225@ovock.tech,1,2/24/1982,870,319,358151302
404,Mcgregor,2,8-306-210-1354,Owen_Mcgregor7321@bauros.biz,3,12/4/1963,780,470,130788237
405,Steer,1,6-631-354-8667,Janelle_Steer39@bauros.biz,5,1/23/1956,368,697,326830113
406,Parker,2,3-141-605-2214,Juliet_Parker5325@nanoff.biz,4,6/8/1990,601,347,770678458
407,Noon,2,5-583-643-5540,Denny_Noon4416@grannar.com,8,9/6/1994,554,73,481030607
408,Holmes,3,2-683-857-4024,Eve_Holmes8917@grannar.com,7,12/22/2002,789,913,100053058
409,Matthews,2,7-844-745-1120,Barry_Matthews8288@bulaffy.com,1,9/13/1989,43,893,143383372
410,Jarrett,2,6-531-633-6055,Skylar_Jarrett9727@muall.tech,1,6/24/1961,976,134,871536708
411,Collins,3,7-347-183-8480,Benjamin_Collins1947@fuliss.net,6,1/12/1996,688,745,871765730
412,Kaur,2,8-463-011-0720,Tyson_Kaur2499@infotech44.tech,2,10/14/1962,567,10,665454517
413,Garner,3,4-223-113-5084,Maria_Garner227@twipet.com,7,12/9/1961,186,514,757111046
414,Jenkins,2,2-150-572-6404,Brad_Jenkins9762@cispeto.com,5,6/13/2010,465,792,552378137
415,Ross,1,0-745-366-5838,Rachael_Ross370@womeona.net,3,8/23/2018,837,858,224257573
416,Gordon,3,7-834-341-8146,Aleksandra_Gordon7808@bretoux.com,1,8/1/1968,254,946,462047518
417,Lyon,2,3-208-138-2264,Brad_Lyon2513@elnee.tech,6,10/4/1979,904,322,172663086
418,Wills,1,6-360-402-6407,Victoria_Wills9538@gompie.com,5,8/28/1977,860,587,836150425
419,Davies,3,7-018-486-5080,Ramon_Davies6411@nimogy.biz,2,8/29/2004,655,571,765117728
420,Bell,3,0-157-345-3070,Callie_Bell2079@tonsy.org,3,9/14/1953,432,337,73234351
421,Carter,3,1-383-253-6402,Barney_Carter4425@iatim.tech,4,7/21/1988,597,776,681462442
422,Russell,1,6-268-451-6032,Mabel_Russell433@guentu.biz,3,9/19/1959,55,190,171828140
423,Newton,2,8-787-658-1147,Sebastian_Newton5041@ubusive.com,6,11/18/1990,248,199,707224128
424,Whinter,1,3-718-766-2236,Leilani_Whinter138@deons.tech,5,3/27/1950,223,101,310481806
425,Varndell,1,3-734-202-7005,John_Varndell7035@sheye.org,6,3/17/2018,415,212,505884137
426,Purvis,2,0-147-104-3750,Amelia_Purvis856@extex.org,2,10/1/1992,420,862,828011286
427,Paterson,2,8-077-381-8067,Carter_Paterson4257@grannar.com,1,5/8/1965,730,185,422145838
428,Curtis,3,6-273-184-6013,Leroy_Curtis7173@deons.tech,5,3/24/1964,198,591,526643782
429,Gray,3,2-183-648-7255,Mason_Gray7234@ubusive.com,7,9/9/1987,229,914,167335378
430,Sawyer,1,6-663-777-5433,Lindsay_Sawyer9780@bulaffy.com,4,10/19/1999,650,650,357774565
431,Thomas,1,6-247-173-1660,Mina_Thomas827@brety.org,7,9/4/1963,778,378,474873023
432,Wood,1,6-024-716-5372,Christine_Wood6322@brety.org,8,12/9/1985,401,674,156432385
433,Brown,3,2-825-328-7482,Doug_Brown7163@kideod.biz,3,12/9/2008,87,599,583635433
434,Weldon,1,2-064-628-2184,Abbey_Weldon4677@guentu.biz,8,6/20/2004,551,848,643782488
435,Brooks,3,1-740-423-3384,Mike_Brooks4806@nickia.com,4,4/29/1984,276,113,24241832
436,Morrison,2,8-077-130-2802,Bart_Morrison8389@fuliss.net,3,3/29/2021,997,488,665860256
437,Gilbert,3,0-116-163-1673,Denis_Gilbert4425@nimogy.biz,2,1/15/2017,932,957,445041827
438,Patel,2,2-756-523-5556,Wendy_Patel8310@jiman.org,3,7/28/1967,463,875,381302860
439,Lloyd,2,2-353-704-1182,Lucas_Lloyd151@gompie.com,2,9/13/1978,119,297,368604012
440,Carter,3,8-704-503-8121,Isla_Carter6476@vetan.org,4,12/15/2011,777,864,42351127
441,Cattell,3,3-130-037-1678,Megan_Cattell1933@grannar.com,3,7/19/2007,904,561,512727221
442,Hall,3,8-447-475-7723,Olivia_Hall5574@naiker.biz,8,2/13/1981,345,554,376611751
443,Whatson,1,2-885-260-4452,Michael_Whatson4276@ubusive.com,8,10/5/1956,965,840,824842041
444,Becker,3,2-765-022-1001,Erin_Becker6491@nanoff.biz,4,9/6/2012,523,778,662065568
445,Sherwood,1,1-772-228-8786,Mason_Sherwood4123@brety.org,2,3/20/1998,518,879,380867353
446,Cowan,3,1-204-633-1713,Ronald_Cowan5886@deons.tech,1,7/22/2014,525,784,870171180
447,Wills,1,0-301-280-2371,Mason_Wills4783@guentu.biz,6,12/24/2006,30,964,118430043
448,Parker,2,8-158-261-6602,Rae_Parker1126@famism.biz,3,7/10/2013,949,376,226761418
449,Shaw,1,3-154-715-4042,Angela_Shaw8374@nickia.com,6,5/13/2011,220,643,475674738
450,Howard,2,2-718-507-5752,Roger_Howard2920@gembat.biz,8,2/13/1952,844,733,285271503
451,Saunders,1,5-771-271-4014,Cristal_Saunders9849@deavo.com,6,6/28/1951,833,103,346570684
452,Alexander,3,8-588-616-5763,Vera_Alexander7984@atink.com,7,8/14/1989,715,881,218568435
453,Graves,3,6-150-370-6656,Daniel_Graves6440@nickia.com,4,7/18/1976,809,185,850227756
454,Thomas,1,0-454-142-7733,Lindsay_Thomas4548@brety.org,1,3/26/2018,262,151,702283240
455,Khan,2,5-036-771-8076,Payton_Khan5151@extex.org,5,4/22/2011,123,893,570832652
456,Niles,2,4-047-462-2842,Katelyn_Niles175@liret.org,7,4/25/1991,12,745,641570600
457,Spencer,1,6-606-200-4378,Logan_Spencer997@mafthy.com,1,8/12/1978,536,488,640376866
458,Leslie,2,3-562-480-5155,Tony_Leslie6166@irrepsy.com,7,7/22/1986,452,159,743058272
459,Tindall,1,5-054-344-7742,Julius_Tindall3775@nanoff.biz,6,12/6/2005,802,801,634310703
460,Dixon,3,5-555-762-2483,Kurt_Dixon6909@deavo.com,2,6/3/1959,430,243,877202122
461,Victor,1,7-203-155-3143,Cadence_Victor5473@joiniaa.com,6,5/17/1997,111,467,800612876
462,Wild,1,8-161-255-6031,Isabel_Wild9608@sveldo.biz,2,9/26/1952,946,342,275740732
463,Dyson,3,5-530-622-4687,Barney_Dyson5416@zorer.org,4,2/4/1958,223,783,624014458
464,Holmes,3,4-661-332-2825,Jayden_Holmes1980@yahoo.com,3,1/16/1980,329,80,356346784
465,Reyes,2,5-357-282-4428,Lucy_Reyes171@irrepsy.com,4,8/5/1960,510,408,362487062
466,Mitchell,2,6-420-640-4511,Alexander_Mitchell7724@muall.tech,5,6/25/1964,458,671,163270786
467,Adler,3,4-651-472-8642,Maxwell_Adler3117@twipet.com,8,11/14/1951,300,745,626346217
468,Mccormick,2,0-044-788-8660,Ryan_Mccormick8016@naiker.biz,4,9/29/1959,341,968,856870688
469,Terry,1,1-642-351-8104,Paige_Terry7801@deavo.com,8,11/15/2016,639,96,408547118
470,Dillon,3,3-713-753-5670,Nick_Dillon6752@elnee.tech,8,12/18/1956,256,192,348025577
471,Terry,1,0-718-100-7132,Ema_Terry4882@bretoux.com,2,5/20/1984,629,54,8023101
472,Norris,2,3-543-725-6027,Eduardo_Norris5329@fuliss.net,8,1/21/1962,406,542,63683363
473,Grant,3,0-662-627-6465,Josh_Grant1226@fuliss.net,1,1/6/1959,409,780,42367578
474,Denton,3,7-830-742-4721,Liliana_Denton1201@guentu.biz,4,2/6/1997,644,582,676640888
475,Flanders,3,5-175-517-8832,Domenic_Flanders8914@famism.biz,2,7/19/1996,289,842,854362662
476,Terry,1,1-807-180-3531,Elise_Terry5447@bulaffy.com,3,5/2/1977,569,992,41433641
477,Shaw,1,4-113-437-4180,Cedrick_Shaw5844@famism.biz,1,1/23/1968,847,205,585333765
478,Adams,3,3-316-062-3815,Domenic_Adams1845@corti.com,1,6/29/2020,731,198,475213517
479,Huggins,2,7-315-118-5111,Eileen_Huggins7178@bretoux.com,1,4/17/1979,275,324,454231103
480,Rixon,1,5-314-538-7774,Chester_Rixon7083@joiniaa.com,6,3/24/2021,493,144,722318522
481,Russell,1,4-370-832-8147,Kirsten_Russell3344@acrit.org,5,8/1/1955,666,735,140430425
482,Upton,1,3-478-722-1730,Chadwick_Upton3595@yahoo.com,7,6/15/1989,819,835,145322286
483,Tanner,1,2-675-140-0881,Ramon_Tanner6729@ubusive.com,5,5/21/2016,997,899,42238577
484,Gardner,3,7-312-208-3100,Caydence_Gardner5498@nanoff.biz,6,8/4/2020,726,384,570858084
485,Phillips,2,8-170-213-7411,Goldie_Phillips1163@qater.org,7,11/4/2007,898,597,428868815
486,Becker,3,5-712-654-7312,Isabel_Becker3595@nickia.com,8,6/9/1990,27,194,603828330
487,Hepburn,3,3-830-246-4581,Gladys_Hepburn941@mafthy.com,7,11/26/1953,616,205,360674717
488,Holmes,3,3-376-700-3101,Clint_Holmes4049@bretoux.com,8,5/14/1999,919,398,878820355
489,Wilkinson,1,6-846-635-7538,Denis_Wilkinson3984@gompie.com,6,2/17/1973,797,227,870057580
490,Overson,2,3-517-455-6671,Tyler_Overson633@typill.biz,1,6/21/1952,272,732,205771476
491,Anderson,3,0-762-687-1521,Peter_Anderson6183@twipet.com,6,4/21/2017,160,310,813620754
492,Sylvester,1,7-322-716-7213,Kieth_Sylvester9460@mafthy.com,3,8/26/2009,871,823,412167760
493,Harris,3,2-176-784-5550,Erica_Harris3195@kideod.biz,6,10/24/2011,925,678,254040774
494,Lewin,2,5-383-306-7417,Sabrina_Lewin1183@extex.org,8,6/21/1985,906,278,128286532
495,Flett,3,8-056-405-0553,Luke_Flett5338@hourpy.biz,7,6/20/2007,650,497,860760504
496,Hunter,2,8-023-032-0268,Julius_Hunter2005@twace.org,2,2/19/2005,104,870,834523658
497,Chapman,3,8-701-451-7684,Maria_Chapman6283@infotech44.tech,8,1/14/1991,901,856,578326550
498,Holmes,3,4-535-332-2064,Amelia_Holmes9869@naiker.biz,7,9/3/1968,347,435,116704104
499,Rycroft,1,7-675-382-0607,Clint_Rycroft1813@joiniaa.com,2,4/12/1983,814,414,130446207
500,Whittle,1,2-022-807-3740,Carl_Whittle4459@twace.org,6,10/31/1990,8,745,523840358
